comment_id,comment_text,Sub1_Toxic,Sub2_Engaging,Sub3_FactClaiming
1,"Ziemlich traurig diese Kommentare zu lesen. Ihr k√∂nnt euch zwar bel√ºgen, dass es den vom Menschen gemachten Klimawandel nicht gibt, nur kann man die Natur nicht bel√ºgen. Wie viele Menschen m√ºssen denn noch auf Grund des Klimawandels ihre Lebensgrundlage verlieren oder gar Sterben, bis ihr den ernst der Lage erkannt habt?",0,0,0
2,"Sag ich doch, wir befeuern den Klimawandel. Raucher k√∂nnen ihr Lebensende meiner Meinung nach auch gerne befeuern, nur hab ich daran kein Interesse.",0,1,1
3,"Schublade auf, Schublade zu. Zu mehr Denkleistung reicht es wohl bei dir nicht.",1,0,0
4,Dummerweise haben wir in der EU und in der USA einen viel h√∂heren CO2 Fu√üabdruck als z.B. die Afrikaner oder Inder.,0,0,1
5,"""So lange Gewinnmaximierung Vorrang hat, wird sich das nur schleppend √§ndern"" Da gebe ich dir recht.",0,0,0
6,@USER Schon mal was von Physik geh√∂rt?,1,0,0
7,"Sollte es dann doch einen Klimawandel geben, der unabh√§ngig vom Menschen stattfindet? Lernt er nichts von periodischen Klimaver√§nderungen?",0,0,0
8,@USER geh wieder pennen...dein Ges√ºlze interessiert mich nicht,1,0,0
9,"Wenn ich einen Konjunktiv verwende hat das einen Grund liebe hysterischen Klimafachleute,die ihr hier ja alle wohl seid.Lauter srudierte Experten,die es ganz genau wissen. Weil sie es gelesen habenüòÅ",1,0,0
10,Nach mir die Sintflut ‚ò∫,1,0,0
11,@USER Ja o.k aber nicht mit so Schwachsinnigen Darstellungen. Alles weg Atomenergie Autoindustrie Landwirtschaft Lebensmittelindustrie usw wovon sollen sie Menschen Leben ? Wens nach den Gr√ºnen geht wieder zur√ºck in die Steinzeit. Rom wurde auch nicht an einen Tag erbaut,0,1,1
12,@USER Staatsfernsehen ! !,1,0,0
13,@USER Oh weh das m√∂chten wir uns garnicht vorstellen.,1,0,0
14,Aber eure Generation waren die schlimmsten Verbrecher was Umweltschutz angeht. Vielleicht sollte daf√ºr jetzt auch die Konsequenzen gezogen werden indem man eine √ñko-Steuer auf die Renten setzt. 5-10% der Brutto-Rente w√§re da schon angebracht. Oder sollen daf√ºr Ihre Enkel und Urenkel aufkommen?,1,1,0
15,"@USER seltsamerweise steigen die Temperaturen mit der sauberen Luft. Seit √ºber 20 Jahren verbessert sich die Luftqualit√§t, seither steigen gleichzeitig die durchschnittliche Mitteltemperatur.",0,0,1
16,"Eine ernsthafte Diskussion ist doch v√∂llig √ºberfl√ºssig. Entweder wird alles abgeschaltet oder abgeschafft, was der Gr√ºnen Fraktion nicht beliebt, oder es wird nicht ausreichend gehandelt. Das ist die Mentalit√§t der neuen Trendlemminge aus dem Sektor Klimaschutz.",1,0,0
17,"@USER aus Sicht der gr√ºnen Fraktion kurz √ºberschlagen die fossilen Energiestoffe, der Verbrennungsmotor, die industrielle Landwirtschaft, die Grenzen, Schiffs- und Flugverkehr, Fleischverzehr, usw. Reicht das erstmal?",0,1,0
18,"Wenn die Industrie angeblich so extrem viel tut, frage ich mich, warum immer alles schlimmer wird.",0,0,0
19,Die Luftqualit√§t ist nicht besser,0,0,1
20,"F√ºr Deutsche/Einzahler gibt es wieder nix ! Arbeit rechnet sich f√ºr viele normale Arbeiter nicht mehr ..so isses korrekt ! Wer zum Mindestlohn ackern mu√ü , hat bei StK 1 netto grad 1147‚Ç¨ ! ALG1 dann ca 769‚Ç¨ und kriegt nach 40 Jahren 514‚Ç¨ Rente . Das ist Fakt und krank ü§¨ Das Geld ist da , wird aber hier gebunkert ü§¨ https://www.nzz.ch/meinung/kommentare/die-fluechtlingskosten-sind-ein-deutsches-tabuthema-ld.1316333 https://app.handelsblatt.com/politik/deutschland/bundeshaushalt-asylruecklage-waechst-auf-mehr-als-30-milliarden-euro-an/23255758.html?share=fb&ticket=ST-1835264-cgmNTb6ctfzzp9qIjRUW-ap4",1,1,1
21,"Die ""Rentenreform"" der SPD ist ein schlechter Scherz. Warum sollten nur Renter die l√§nger als 35 Jahre gearbeitet haben eine Grundrente von 900 Euro bekommen, was noch unterhalb der Armutsgrenze liegt? Warum sollen Rentner, die weniger gearbeitet haben in noch gr√∂√üerer Armut leben m√ºssen?",0,1,0
22,"Die ""Rentenreform"" der SPD ist ein schlechter Scherz und damit wollen sie sich W√§hler kaufen. Sie werden 1. ihre Wahlversprechen nicht einhalten und 2. Warum sollten nur Rentner, die 35 Jahre lang gearbeitet haben, eine Grundrente von 900 Euro beziehen, was noch unterhalb der Armutsgrenze liegt und Rentner, die weniger gearbeitet haben, noch weniger Rente beziehen und mit noch weniger Geld vor sich hin wegitieren? JEDER Mensch hat einen anspruch auf ein meschenw√ºrdiges Leben und Teilhabe an der Gesellschaft. F√ºr mich ist das absolute Minimumg eine sanktionsfreie Mindestsicherung von 1050‚Ç¨ nach dem Vorschlag der Partei DIE LINKE. Besser finde ich aber das Grundeinkommenszonzept der BAG Grundeinkommen DIE LINKE.",0,1,1
23,"Wie w√§re es dann mit einem (bedingungslosen) Grundeinkommen? Es w√ºrde jeder Erwachsene bekommen und dann kann jeder entscheiden, wie er sein Leben gestalten m√∂chte.",0,1,0
24,Und jede Form des Einkommens wird ab einer bestimmten H√∂he besteuert. Details gibt es z.B. bei der BAG Grundeinkommen.,0,1,1
25,"@USER Nein, bei der Finanzierung liegst du komplett falsch. Ich verweise mal mal auf die Ausarbeitung der BAG Grundeinkommen und auf meine Zusammenstellung √ºber das Grundlegende Wissen √ºber unser Geld- und Wirtschaftssystem. Da vereise ich auf Heiner Flassbeck mit seinem Makroskop und Heinz Josef Bontrup, die selber aber keine Verfechter des Grundeinkommen sind. Weitere gute Quellen √ºber unser Geld- und Wirtschaftssystem sind Bernd Senf. Mr Dax Dirk M√ºller und Sahra Wagenknecht Erg√§nzend empfhele ich dazu Harald Lesch, speziell zum Thema Kapitaloz√§n, Christian Felber zum Thema Geneinwohl√∂konomie und erg√§nzend Richard David Precht. Und nat√ºrlich gibt es noch einige weitere spannende Quellen. ""W√ºrden die Menschen unser Geldsystem verstehen, dann g√§be es eine Revolution noch vor morgen fr√ºh"" Henry Ford",0,1,1
26,""" 675 Milliarden!"" Das ist dein Denkfehler. Auf was f√ºr Einnamen kann denn der Staat Deutschland zur√ºck greifen?",0,0,1
27,"@USER Artikel 14 GG ist sicherlich bekannt. Wobei Artikel 151 der bayrischen Verfassung viel witziger ist. Mal ein paar Beispiele. Die reichsten 10! Menschen in Deutschland verf√ºgen √ºber ca. 150 Milliarden Euro. Die reichsten 500 Menschen verf√ºgen √ºber ein Verm√∂gen von 750 Milliarden Euro. Das reichste 1% der Menschen in Deutschland verf√ºgt √ºber 33% des Gesamtverm√∂gens. Die reichsten 10% der Menschen in Deutschland verf√ºgen √ºber 66% des gesamten Verm√∂gens. Das Problem bei diesen Zahlen sind, dass es Sch√§tzungen sind. 1995 wurde die Verm√∂genssteuer ausgesetzt, weil die Verm√∂gen nicht ausreichend erfasst werden. Bis heute hat sich daran nichts ge√§ndert. Dem einen sein Verm√∂gen sind des anderen seine Schulden. 16,8% der Menschen in Deutschland leben unterhalb der Armutsgrenze. Und je gr√∂√üer das Verm√∂gen, desto gr√∂√üer die Zinssummen, die WIR arbeitende Bev√∂lkerung erwirtschaften m√ºssen. Die Reichen haben die macht ihre Steuern zu ‚Äûoptimieren‚Äú Sei es durch gekaufte Gesetze oder durch Steueroasen. Panamapapers, Paradisepapers und wie die anderen Steuerschlupfl√∂cher alle hei√üen.",0,1,1
28,"3) Unser Geldsystem (Euro, Eurokrise, alternative Geldsysteme, BGE, Umverteilung, Gemeinwohl√∂konomie) ****************************************************************** - Volker Pispers √ºber unser Geldsystem https://www.youtube.com/watch?v=bf-NPB4INjU - Wie Geld funktioniert - Einfach erkl√§rt https://www.youtube.com/watch?v=0VAJY0Oq6K8&t=280s - Mr. Dax Dirk M√ºller √ºber unser Geldsystem https://www.youtube.com/watch?v=WTW49tr-mNE - Dirk M√ºller √ºber unser Geldsystem https://www.youtube.com/watch?v=ihT6uOSl5s0 - 23.01.2013 Bernd Senf: Zinsesszins, Geldsch√∂pfung und Spekutaltin https://www.youtube.com/watch?v=zfWpE1vSuO0 - Planet Wissen: Der Chiemgauer https://www.youtube.com/watch?v=M4LI3_tfteA - 06.01.2019 Weltwirtschaftskrise 1929 - Silvio Gesell & ""Das Wunder von W√∂rgl"" - Experiment Regionalgeld https://www.youtube.com/watch?v=mHH1dOYqzTg - Heiner Flassbeck: Ist der Kapitalismus am Ende? https://www.youtube.com/watch?v=2fvD8Koj3f8 - 04.02.2017 WAS IST LOS IN EUROPA? Podium mit Flassbeck (Makroskop) und L√ºcke (IfW) in Kiel https://www.youtube.com/watch?v=a9mduhSSC5w - Andreas Popp - Wir sind nicht verschuldet. https://www.youtube.com/watch?v=X0GzMWaeI3s Alternative Geldsysteme ******************** - Die kommende Demokratie: Sozialismus 2.0 https://www.youtube.com/watch?v=KStivMNdbxE - Bruno Kreisky Forum: SAHRA WAGENKNECHT REICHTUM OHNE GIER (13.6.2016) https://www.youtube.com/watch?v=X1OUemq-82k - Andreas Popp ‚Äì Plan B https://www.youtube.com/watch?v=l2ApFesIGdc - G√ºltige Stimme - Andreas Popp im Verh√∂r bei Roland D√ºringer https://www.youtube.com/watch?v=m_9VyBZ_JDM - Dirk M√ºller auf dem Jahrestreffen des Diplomatic Council - F√ºr ein faires Finanzsystem https://www.youtube.com/watch?v=56jt_fK9JcA - Gemeinwohl-√ñkonomie - Christian Felber: Wirtschaft neu denken https://www.youtube.com/watch?v=PBxKPAu8lvA √úber den EURO und die Eurokrise --------------------------------------------------------------------------- - Heiner Flassbeck: Warum die Rettung Europas nicht gelingen kann (Der Euro und warum er nicht funktioniert) https://www.youtube.com/watch?v=jvUfaN9z1_Q - Vortrag Heiner Flassbeck (24.11.2017, Haus der EU Wien) https://www.youtube.com/watch?v=V-Uq1J-a4rk - Heinz-Josef Bontrup Heinz-Josef Bontrup: Die Mainstream-√ñkonomie und ihr Versagen https://www.youtube.com/watch?v=NmPh5YGGNwo - KenFM im Gespr√§ch mit: Heinz-Josef Bontrup https://www.youtube.com/watch?v=RNS_WYeNSrs - Die Griechenlandl√ºge https://www.youtube.com/watch?v=QIlqJbLdB78 - Macht ohne Kontrolle ‚Äì die Troika https://www.youtube.com/watch?v=kRRPi_BaqDA - Macht ohne Kontrolle: Die Troika - Jung & Naiv: Folge 226 https://www.youtube.com/watch?v=26MxfU2wBXM - EU Poly - Ein europ√§ischer Alptraum https://www.youtube.com/watch?v=kz1FnBoRwkk - ARD Doku Der gro√üe Euro Schwindel wie der ganze Irrsinn begann https://www.youtube.com/watch?v=lo2YLWEMAz8 - DIE EXPORTL√úGE 1 - WIE DEUTSCHLAND sich in den ABGRUND F√ÑHRT! - Hans-Werner Sinn, G√ºnter Verheugen https://www.youtube.com/watch?v=7PcHuoE33Co - Die Anstalt ‚Äì Die Exportwippe https://www.youtube.com/watch?v=02jXIWb47gk - 27.08.2018 Kontraste: Die Opfer des Exportweltmeisters - Wie Deutschland Arbeitslosigkeit in Europa produziert https://www.youtube.com/watch?v=QBp8_YYihKc - Sendung ARD Monitor Bankenrettung https://www.youtube.com/watch?v=CbyapEfL4Vg - Staatsgeheimnis Bankenrettung ARTE Doku https://www.youtube.com/watch?v=JYdP2FJy_bY Bedingungsloses) Grundeinkommen (BGE) *********************************** - 08.07.2015 Bielefelder Parteitag der Partei ‚ÄûDie Linke"": Diskussion zum Bedingungslosen Grundeinkommen https://www.youtube.com/watch?v=zhDJAHWeLU8 - 02.09.2012 Argumentationen gegen ein bedingungsloses Grundeinkommen https://www.youtube.com/watch?v=EcQIzkcioiI - 11.12. 2017 Prof. Dr. Sascha Liebermann - Bedingungsloses Grundeinkommen https://www.youtube.com/watch?v=HcekSMoPsiw - 18.05.2017 Digitalisierung und Grundeinkommen ‚Äì mit Richard David Precht https://www.youtube.com/watch?v=8a-OgbAi2Sg - 11.12.2017 Prof. Dr. Sascha Liebermann - Bedingungsloses Grundeinkommen https://www.youtube.com/watch?v=HcekSMoPsiw&t=602s - Netzwerk Grundeinkommen https://www.grundeinkommen.de/ - Detailierte Informationen √ºber den Vorschlag DIE LINKE √ºber ein Grundeinkommen http://www.die-linke-grundeinkommen.de/fileadmin/lcmsbaggrundeinkommen/PDF/BAG_Brosch2016.pdf - BAG Grundeinkommen DIE LINKE https://www.die-linke-grundeinkommen.de/nc/grundeinkommen/aktuell/ Sonstiges: ******** - Die Anstalt: Thema Umverteilung https://www.youtube.com/watch?v=eCMF3fSH_JQ&t=341s - KenFM-Positionen 5: Geld regiert die Welt - Welchen Anteil am Elend hat der Zins? https://www.youtube.com/watch?v=ftKjE9yKz4o - Richard David Precht | Palais Dresden | Wie werden wir leben? Gemeinwohl-√ñkonomie, Bedingungsloses Grundeinkommen https://www.youtube.com/watch?v=X9JbqhJu80w - ""Wirtschaft ohne Wachstum"" Prof. M. Kennedy, Dirk M√ºller, Prof. H. Peukert, Prof. H. Spehl (1/2) "" https://www.youtube.com/watch?v=_jeWd4SF35s - Wirtschaft ohne Wachstum"" Prof. M. Kennedy, Dirk M√ºller, Prof. H. Peukert, Prof. H. Spehl (2/2) https://www.youtube.com/watch?v=_cnxVUxcg1A - Ulrike Guerot √ºber die Utopie der ""Europ√§ischen Republik"" - Jung & Naiv: Folge 331 https://www.youtube.com/watch ?v=vIrdZjBBM5g&index=9&list=PLhuamIX_U9Z1OANh2UwlCtuGRH_CsujE- - KenFM im Gespr√§ch mit: Heinz-Josef Bontrup https://www.youtube.com/watch?v=RNS_WYeNSrs - 03.09.2011 Finanzgesch√§fte 1 A erkl√§rt https://www.youtube.com/watch?v=ui2FaoG24no - 02.05.2018 1. Mai in Witten: Rede von Prof. Heinz-J. Bontrup https://www.youtube.com/watch?v=CwLpN-nE6Dg - 23.10. 2018 Ernst Wolff Die Krise am Horizont, Zehn Jahre nach der Finanzkrise-Keines der Probleme gel√∂st. https://www.youtube.com/watch?v=NKhbD-WKA6k - 06.08.2017 KenFM-Positionen 11: Der globale Marshallplan - Konzepte f√ºr eine Welt von morgen https://www.youtube.com/watch?v=wnyfSAIQ0B0 - 18.01.2017 Bernd Senf ‚Äì Der Nebel um das Geld https://www.youtube.com/watch?v=USXb4BFGLss - 27.01.2018 Prof. Bontrup - Wirtschaftliche Macht https://www.youtube.com/watch?v=MPCIjumnvrI&t=1660s",0,1,1
29,"""Das Geld daf√ºr kann man doch einfach drucken. Weggedieren Sie weiter‚ÄºÔ∏è"" Ich verweise auf die grundegelde Funktionsweise unseres Geldsystems und die Ausarbeitung der BAG Grundeinkomen DIE LINKE.",0,1,1
30,"Zu dem verweise ich gerne auf meine Facebookseite ""Neu denken""",0,1,1
31,"@USER Geld ist genug da. Oder mit Volker Pispers Worten mal zu sagen:"" Geld ist eine Fantasie""",0,0,1
32,@USER Wir bezahlen auch nur mit unserem Vertrauen. Mehr nicht. 1973 wurde der Goldstandart beendet. Einen direkten Gegenwert hat Geld nicht.,0,0,1
33,War schon Thema bei Illner. K√∂nnt ihr euch nicht abstimmen? Am besten noch die selben Leute einladen.,0,0,1
34,soll er keine Rente erhalten? √úbrigens bekommt auch jeder Beamter Geld von uns Steuerzahlern,0,0,1
35,"Wie doof mu√ü man eigentlich sein,um diesen L√ºgnern dieses Sozialpaket ab zunehmen,wer hat denn die Agenta 2010 auf den Weh gebracht.Und nun merken die Verbrecher auf einmal,au, uns laufen ja die W√§hler weg, besonders im Osten. Man Leute , wacht doch endlich auf,wie oft lasst Ihr Euch noch verarschen. Die haben einfach Angst.",1,0,1
36,Passt zum Thema Friedmann gestern wo die CDU Politikerin sagte das Gering Verdiener sich Immobilen kaufen sollen damit sie sp√§ter nicht bed√ºrftig werden üëéüëéüëéüò°üò°üò°,1,0,1
37,Diese Ank√ºndigungen werden immer vor Wahlen gemacht und gehalten wird nichts. Wann begreift der B√ºrger das entlich mal .,1,0,1
38,...ohne Kommentar!!!!,1,0,0
39,Die Idee einer Grundrente kommt von der Linkspartei. Die SPD hat Jahre lang gegen die Grundrente gewettert. Die SPD versucht so ihren Arsch zu retten. Ich finde die Grundrente sollte Steuerfrei sein und zum Leben reichen. Also nicht unter 1000 Euro.,1,1,1
40,"WER zahlt den die Steuern, @USER....das ist das Geld der Allgemeinheit, oder sehe ich das falsch,,,??",1,0,1
41,"Gestern bei Illner, Montag bei Plasberg ...ist das nicht langsam √ñR-Parteihilfe wie bei den Gr√ºnlingen ? ü§¶‚Äç‚ôÄÔ∏èü§¨",1,0,1
42,Mein Gott der war erst gestern bei Illner. Die Redaktionen VERSAGEN.,1,0,1
43,@USER Die CDU l√§sst das so wie so nicht zu . Sagen doch nur wenn sie Reichen was bekommen sollen ( 10 Milliarden f√ºr die Hotellobby),1,0,1
44,"Sehr gut analysiert - bin ich vollkommen konform....! Aber @USER bitte das n√§chste Mal mit einer orthographischen, einigerma√üen korrekten, Schreibweise......Danke!",0,1,0
45,"Bei meiner beschissenen Rente als 2x Geschiedener Mann muss ich auch noch Steuern und Krankenkasse bezahlen. Auf meine Privaten Geldanlagen gab und gibt es auch keine Zinsen . Ihr solltet euch sch√§men und in H√∂lle braten,,,,,,üôäüôàüôâ",1,0,1
46,"Wer 40 Jahre zum Mindestlohn arbeiten mu√ü, erh√§lt 514‚Ç¨ Rente daf√ºr ....DAS ist doch das Grundproblem ü§¶‚Äç‚ôÄÔ∏è Wir steuern somit sehenden Auges in die Massenaltersarmut ! Habe selbst jetzt jahrelang zum Mindestlohn gearbeitet , netto 1147‚Ç¨ bei Stkl.1 . Ergebnis ist jetzt ein ALG1 von 769‚Ç¨ . 500.000 anderen Besch√§ftigten im Callcenter geht es da auch so ...und da hilft kein Gesabbel ! L√∂sungen m√ºssen her ! ü§¶‚Äç‚ôÄÔ∏è Zum Gie√ükannenprinzip halte ich entgegen , was ist mit dieser Gie√ükanne hier ?? ü§¨ https://www.nzz.ch/meinung/kommentare/die-fluechtlingskosten-sind-ein-deutsches-tabuthema-ld.1316333 Das angebliche 25 Milliardenloch vom Scholz ist √ºbrigens hier üò° https://www.welt.de/wirtschaft/article181239154/Haushaltsreserve-Warum-die-Regierung-24-Milliarden-Euro-fuer-Fluechtlinge-zurueckhaelt.html",1,1,1
47,"Wenn ich immer lese ""Das muss die j√ºngere Generaltion"" bezahlen, dann fall ich immer lachend vom Stuhl. Ja, es k√∂nnen Schulden enstehen. Aber was stehen diesen Schulden denn gegen√ºber? Richtig! Es ensteht die EXAKT selbe Menge an Guthaben. Und dass kann man steuern. Und deswegen nennt man die Steuern auch Steuern um die Geldmenge zu stuern.",0,1,1
48,"Das machen wir doch. Und deswegen zerst√∂ren wir ja die Eurozone und viele L√§nder berschweren sich √ºber unsere Au√üenhandelsbilanz√ºbersch√ºsse. Ins Detail geht da z.B. Heiner Flassbeck mit seinem Makroskop, und Heinz Joesf Bontrup. Erg√§nzende Informationen gibt es von Bernd Senf und Mr. Dax Dirk M√ºller. Wer dann noch langeweile hat, der sollte sich mit dem ""Reichtum ohne Gier"" von Sahra Wagenknecht und der Gemeinwohl√∂konomie von Christian Felber auseinander setzen. Nat√ºrlich sollte man sich voher gundlegend √ºber unser Geldsystem infomieren. Und keine Sorge, ich habe eine √ºberwiegend leicht zu verstehende Infomrationssammlung zu diesem Thema zusammengestellt. Gerne kannst du auf meiner Facebookseite ""Neu denken"" vorbei schauen.",0,1,1
51,@USER noch mehr B√ºrokratie? Gleiches Geld f√ºr alle und fertig!,0,0,0
52,@USER alle ausreisepflichtige Fl√ºchtlinge raus.,0,0,0
53,"@USER Doch wurde und wird was verteilt , die Di√§ten der Abgeordneten . Da sollte man 40% Streichen Dann h√§tten die immer noch zuviel",0,0,0
54,@USER Wieso Schule,0,0,0
55,Die j√ºngere Generation bekommt so viel Kindergeld wie keine Generation. D√ºrfen auch was zur√ºck geben,0,1,1
56,"Es ist fatal die einen hilfesuchenden Menschen, gegen andere hilfesuchende Menschen auszuspielen. Anstatt nach unten zu treten m√ºssen wir endlich nach oben die die Augen unserer Ausbeuter schauen.",0,0,0
57,"Ich bin ganz klar f√ºr die Besteuerung. Nur m√ºssen Einkommen bis 7.100 Euro entlastet werden und dar√ºber hinaus wesentlich st√§rker belastet. Speziell bei Renten ben√∂tigen wir nicht nur eine Untergrenze, sondern auch eine Obergrenze.",0,1,0
58,"Also eine gleiche Rente f√ºr alle? Wie w√§re es mit einem BGE von 1.200 Euro und wer mehr haben m√∂chte, der muss arbeiten gehen und oder einen Teil des Geldes, was er durch Arbeit verdient hat zur Seite legen.",0,1,0
59,"keine Sorge, sie wussten es.",0,0,1
60,"Gute Kritik, doch wir brauchen nicht nur 13 Euro Mindestlohn (12,68‚Ç¨ Pro Stunde ben√∂tigt man laut Bundesregierung um nicht auf Hartz4 angewiesen sein zu m√ºssen) Sondern wir ben√∂tigen auch eine sanktionsfreie Mindestsicherung, oder ein Grundeinkommen, f√ºr all diejenigen, die kaum oder gar nicht gearbeitet haben bzw. konnten. Jeder Mensch hat das recht auf ein menschenw√ºrdiges Leben mit Teilhabe an der Gesellschaft.",0,1,1
61,"@USER, warum w√§hlt man eine Partei, die den Tod von Menschen in Deutschland willentlich in kauf nimmt?",0,0,0
62,"Wie w√§re es mit der Steuerpolitik der Partei DIE LINKE, die Einkommen bis 7.100‚Ç¨ entlasten und die Einkommen dar√ºber mehr belasten m√∂chte.",0,1,0
63,"Ich schmei√ü mich weg... 800 Euro sollen f√ºr ein ""vern√ºnftiges"" Leben ausreichen?",0,0,0
64,"Und wer weniger als 35 Jahre gearbeitet hat, muss von der Grusi leben. Hier sieht man mal die asoziale Ausrichtung dieser Partei.",1,0,1
65,"Wenn ich mich nicht t√§usche, ist die Dame sehbehindert oder sogar Blind. Der Kommentar ist entw√ºrdigend und v√∂llig daneben!!!",1,1,1
66,"Ja, die Grundrente ist wichtig! Vorallem f√ºr Menschen, die aufgrund einer Erkrankung, Unfall etc. pp nicht so arbeiten gehen k√∂nnen wie ein gesunder Mensch! Und keiner soll mir mit Grundleistung des Sgb 12 Gesetzes kommen, das reicht vorne und hinten nicht!",0,1,0
67,"Herr/Frau wer auch immer, wenn ein Mensch wenig in die Rentenkasse eingezahlt hat, aus welchen Gr√ºnden auch immer, kann dieser Rentner leider keine zigtausend Euro Rente bekommen. So unsch√∂n das auch ist.",0,0,1
68,"@USER ich hatte zuletzt in der Arbeitnehmer√ºberlassung ein Einkommen von 2.300 Euro netto, Steuerklasse 1, kein Studium. Zeitarbeit bedeutet nicht zwangsl√§ufig geringes Einkommen. Und auch nicht jeden Tag woanders arbeiten.",0,1,0
69,"@USER habe letztens erst geh√∂rt, dass einige Gesch√§fte Nichte mehr an die Tafeln abgeben d√ºrfen es sei denn, die bezahlen das Gesundheitsamt daf√ºr das die Lebensmittel welche an die Tafeln gehen w√ºrden von denen √ºberpr√ºfen lassen. Der Gesetzgeber hat damit D√ºnnd√§rmen Menschen erneut die M√∂glichkeit genommen etwas f√ºr wenig Geld zu bekommen. Ich bef√ºrchte, dass einige Gesch√§fte ihre nich haltbaren Lebensmittel lieber in die Tonne kloppen statt daf√ºr zu bezahlen das die Tafeln und somit die arme Bev√∂lkerung etwas davon haben. Ich sage nur armes Deutschland",0,1,1
70,"@USER Frauen sind aber oft die, die wegen Kindererziehung nicht genug Rentenpapier zusammen bekommen. Wenn dann noch ein Kind da ist, welches kr√§nkest und die Mutter deswegen erst sehr sp√§t zur√ºck auf Arbeit, dann hat‚Äôs in schlichtweg die Arschkarte. Und genau da muss sich was √§ndern. M√ºtter sollten, m√ºssten so berechnet werden, als ob sie nie aufgeh√∂rt haben zu arbeiten wenn sie zur√ºck zur Arbeit gehen nach der Geburt",1,1,1
71,@USER das k√∂nnte aber durchaus ge√§ndert werden wenn zum einen die Arbeitgeber nicht nur immer an sich selber denken und daf√ºr vern√ºnftig Lohn bezahlen und zum anderen der Mindestlohn auf ein Level erh√∂ht wird das man automatisch mehr in die Rente einzahlen kann und ggf sogar noch privat vorsorgen kann.,0,1,0
72,@USER wer nie arbeitet und nichts einzahlt bekommen nie Rente sondern bleibt auch im Rentenalter Sozialhilfeempf√§nger. Wer etwas anderes behauptet kennt die Rechtslage nicht,0,1,1
73,@USER wo haben Sie diese Zahl her? Von der AFD?,0,0,0
74,"@USER nicht ganz es sei denn, Sie haben nie die Schule besucht denn die Lehrer sind zu 95% verbeamtet",0,1,1
75,@USER wenn diese ehemals selbstst√§ndigen eingezahlt haben dann haben die auch ein Recht darauf. Ich kenne einen der zu Beginn seiner Selbstst√§ndigkeit noch eingezahlt hat sp√§ter dann aber nicht mehr. Jetzt bekommt er Mindestrente.,0,1,0
76,"@USER dazu kommt ja noch, dass das Einkommen des Hinterbliebenen voll an die Witwen/r Rente angerechnet wird und die Rente um diese Summe gek√ºrzt wird. Auch das eine Witwe oder ein Witwer der noch relativ jung nur eine kleine Rente, d.h. befristet auf 2 Jahre nur bekommt.",0,0,1
77,"@USER in Zeiten wie diese wo dieses Trampeltier von Trump mit den Kriegstreiber Putin kurz davor ist die Welt in einen 3. Weltkrieg zu st√ºrzen denke ich mal m√ºssen wir mit aufr√ºsten. Aber es w√§re sch√∂n noch genug Geld da wenn nicht unser aller steuern in aller Herren L√§nder verteilt werden w√ºrde. Wenn endlich die Lobby das ansteuern bezahlen w√ºrde was die auch bezahlen m√ºsste. Wenn die Gelder, die von der Lobby ins Ausland geschafft wurden per Gesetz zur√ºck geholt und einbehalten werden w√ºrde. Aber hier werden die Lobbyisten gesch√ºtzt und gleichzeitig unsere Steuergelder f√ºr die Rettung anderer L√§nder verplempert. Auch die Aussage Merkels, wenn die Briten aus der EU raus sind das dann wir deutschen einen Gro√üteil der Zahlungen, die durch die Briten wegfallen √ºbernehmen. Keiner kommt auf die Idee den EU Apparat zu reduzieren. Im Gegenteil, man will diesen sogar noch weiter aufbl√§hen.",0,1,1
78,Mindestrente ja aber daf√ºr dann den Regierenden das Gehalt um 50 % k√ºrzen und die Di√§ten komplett streichen wegen Unf√§higkeit.,1,1,0
79,"@USER mir ist durchaus bewusst, dass die Politiker nicht Milliarden bekommen aber trotzdem kann dieses Geld der RK zu gute kommen. Und auch die Gelder die von der BR in aller Herren L√§nder verschenkt werden und das sind Milliarden k√∂nnte f√ºr unsere Rentner und unsere Infrastruktur eingesetzt werden.",0,1,0
80,"@USER Alle Parteien ob CDU SPD CSU geschweige FDP h√§tten 30 Jahre Zeit was f√ºr die Mittelschicht und kleinen Leute was zu tun und immer vor Wahlen wird versprochen und sich den B√ºrger anzubiedern , doch nach der Wahl wie immer das gleiche! Nix Passiert. Die einzige die die Wahrheit gesagt haben waren die beiden Frauen . Soll doch mal der Plasberg und der vom Cizero Verlag Ihre Konten offen legen . Diese Menschen haben den Sozialstaat von der Kindheit an genauso Genosse wie jeder andere auch . Sollten sich jetzt vermehrt am Wohlstand aller Deutschen beteiligen",1,0,1
81,"Die ""Sozialpolitik"" der SPD ist asozial. Und nicht dass sich jemand noch Hoffnung macht, die ""Sozialpolitik"" der CDU, CSU, FDP, und AFD ist noch asozialer. Die Politik der Gr√ºnen ist auch nicht besser. Bleibt nur noch DIE LINKE als einzige Partei √ºbrig, die sich f√ºr die Menschen einsetzt.",1,0,0
82,"@USER Nat√ºrlich √§ndern DIE LINKE alles. Warum bist du der Meinung, dass DIE LINKE auch nichts √§ndert?",0,0,0
83,"Die SPD, Verbrecher,die haben Angst vor den Wahlen in den neuen Bundesl√§ndern,weg mit Euch.",1,0,0
84,@USER √Ñnoch vor der Wahl umsetzen sonst bleib5s wie immer,0,0,0
85,"Ich finde es besch√§mend, dass in dem Gremium M√§nner sitzen und √ºber einen Vorschlag des Arbeitsminister diskutieren, selbst aber hohe L√∂hne einstecken und gar nicht wissen wie es ist in Armut zu leben, weil Sie das Gl√ºck hatten auf der Sonnenseite zu arbeiten! Wir reden hier auch um Summen welche sich Bundestags und Landtagsabgeordnete so ohne gro√ües Nachdenken in den Di√§ten erh√∂hen! Das ist die Erh√∂hung nicht schamlos?",0,1,1
86,"Warum bekommen Beamte und ihre Gattinen soviel staatliche Verg√ºnstigungen, warum bekommt eine Beamtenwitwe hohe finanzielle Zuwendung obwohl Sie niemals als Beamtin gearbeitet hat, ist dies nicht unw√ºrdig?",0,0,1
87,"Wenn Manager Jahresgeh√§lter von 38 Millionen einstecken, eine Betriebsrente von t√§glich 4200 Euro einsteckt, dann stimmt in diesem Lande nichts mehr, Menschen die mit Ihrer schwach bezahlten Arbeitskraft das Getriebe des Staates aufrechthalten , sollen diese Ungerechtigkeiten hinnehmen, nein es ist eine Unversch√§mtheit in der Behandlung von diesen Menschen!",0,1,1
88,@USER dagegen habe ich keinen Einwand!,0,0,0
89,Die Frau Ulffkotte ist ja Traumhaft gut,0,1,0
90,"@USER, nein, nicht wegen Rot-Gr√ºn, sondern wegen dem demografischen Wandel, der andere Handlungsweisen kaum noch m√∂glich macht.",0,1,0
91,"Danke Frau Bentele und Frau Holotte so wie Herrn Arbeitsminister Heil, W√ºnsche ihm das er sein Ziel erreicht und das man ihm nicht zu viel Steine in den Weg legt von Seiten seinen Bundestagsabgeordneten mit ihren Fraktionen!",0,1,0
92,@USER Na was soll man den anderes von der FDP erwarten . Die Reichen Spenden doch schon Sooo viel ! Das was die Spenden m√ºssten die sonst ans Finanzamt zahlen . Und Spenden k√∂nnen Sie sich wieder zum Tei erstatten lassen . Die sollte man f√ºr 10 Jahre in den Knast stecken denn √ºber Geldstrafe Lachen die nur .,1,0,1
93,@USER Hoffentlich denken die W√§hler alle so,0,0,0
94,Wo Arbeiten die Politiker Hart ! Im Bundestag kommen un gehen die wann sie wollen manche schlafen bei Debatten naja bei so harten B√ºffets und Fresseinlagen kann man auch verstehen . Die m√ºssten alle nach 4 Jahren wieder in Ihre alten Jobs zur√ºck. Ohne Pensionsanspr√ºche,1,0,1
95,"Dank ROT-GR√úN m√ºssen die Menschen heute 45 Jahre Jahre arbeiten und jeden Monat den Durchschnittslohn in Deutschland (3.500 ‚Ç¨) verdienen, damit man einen Anspruch auf 1.200 ‚Ç¨ hat (vor Abzug der Sozialabgaben)....wer hat das (Prof. Sell hat genau dieses in der Sendung B√∂ttinger offen gelegt)? Bei all den Menschen, die in die bedarfsorientierte Grundsicherung fallen, werden alle privaten Vorsorgen angerechnet - wie sieht dieses bei dem Rechenmodell von Herrn Heil aus?",0,1,1
96,"@USER, sorry, da muss ich sie entt√§uschen...... Bitte schauen sie sich mal die vielen Folgen ""Der Anstalt"" zu diesem Thema an! Falls sie sich diese M√ºhe machen m√∂chten, w√ºrde ich gern mit ihnen diskutieren....Danke!",0,1,0
97,"@USER so eine dumme Aussage. W√ºrde es keine Putzfrauen geben dann w√§ren Krankenh√§user, Altenheime Bahnhofstoiletten und und und v√∂llig verleimt. Dann w√ºrden Menschen wie Sie sich wieder bescheren weil ja nicht geputzt wurde. Vielleicht sollten Sie mal anfangen und Menschen die die schei√üe andere wegwischen mit mehr Respekt entgegen treten. Auch sollten Sie Ihrer Fris√∂rin dankbar sein, dass sie Ihnen die Haare macht. Denn ich die Arbeiten im unteren Level der Gehaltsstufe. Also bitte mehr Respekt vor Menschen die sich Tag f√ºr Tag krumm legen um halbwegs √ºber die Runden zu kommen ohne vom mit leben zu m√ºssen. Das diesen Menschen dann ein anrechnungsf√§hige Rente zustehen sollte die nicht unterhalb des Existenzminimum ist sollte jeden vollhonk kalt sein. Aber Sie scheinen ja ziemlich arrogant zu sein und Menschen mit geringen Einkommen nicht ernst zu nehmen. Sie sollten sich sch√§men.",1,1,0
98,"@USER steht jeden nur die da oben lassen nur noch ihresgleichen aufsteigen und sorgen daf√ºr, dass die unten auch unten bleiben.",1,0,1
99,@USER mit der AFD wird es den Reichen noch besser gehen weil die denen alle Steuern senken wollen und den Mittelstand daf√ºr die Steuern erh√∂hen. Zudem wollen die keinerlei Unterst√ºtzung mehr f√ºr Arbeitslose geben.,0,1,0
100,@USER Arsch,1,0,0
101,"Reinigungskr√§fte haben einen Tariflohn von glaube ich 11,30 oder so. Habe mich erst letztens mit unserer Reinigungskraft unterhalten. Hier geht es aber nicht um die T√§tigkeit, sondern darum, wie ungerecht das System ist. Leute die arbeiten und was ansparen f√ºrs Alter wird alles weggenommen, was sie angespart haben, wenn sie in H4 rutschen kurz vor der Rente. Wie asozial ist das denn bitte. Es gibt viele Leute mit Berufsausbildungen, wo man nicht viel mehr verdient.",1,1,1
102,@USER Das ist Quatsch von wegen die Meisten . Nur die gr√∂√üten haben die M√∂glichkeit das Geld Risikolos ins Ausland zu bringen Den Mittelst√§ndisch gelingt das kaum .Und beim Normali wird's gleich abgezogen,0,1,1
103,@USER Ja auf dem Golfplatz,1,0,0
104,@USER Weil das so ist . Das Geld das die sogenannten Reichen zahlen sind nur die Gelder die sie sonst sowieso am Normalen Steuern zahlen m√ºssten. Hier ist kein Neid aber es muss nicht sein das viele der Reichen Ihr von den Arbeiteten Menschen Geld in 3 und mehr Immobilien anlegen und das im Ausland nur um hier keine Steuern zu zahlen. Wenn man das Interview von Rossmann gesehen hat kann Mann nur Kotzen mit welcher Arroganz dieser Typ durch s Leben geht. Da sagen selbst sehr Reiche Menschen in Deutschland das sie sich Sch√§men,1,0,1
105,@USER Das ist kein Neid . Aber es darf nicht sein das ein Unternehmer oder Vorstandschef 100 mal mehr Verdient als ein Krankenpfleger oder Schlosser oder oder . Das ist kein Neid das ist ne Sauerei . Wenn das so weitergeht wird s so wie 1917 bei den Russen ! Dann holen sich die Normalen Menschen sich das von den Reichen mit Gewalt und dann wird's viele Tote Reiche geben !,1,0,0
106,@USER Wo haben die Verluste ! Bevor die Verluste haben bringen die Ihr Geld ins Ausland . Alles L√ºgen und Ihr denkt der kleine Mann ist Bl√∂d und glaubt Euch das ! ! Nein Nein,1,0,1
107,@USER Ja die Frau ist die einzige die eine Logische Vorderung stellte . Keiner will eine zwangsenteignung aber eine entsprechende Beteiligung an den Staatsausgaben. Was die sogenanntem Reichen zahlen ist Lachhaft . Haben sie Angst ein wenig Geld f√ºrs Wohl der Allgemeinheit anzugeben . Ich bin nicht Reich und nicht Arm und freue mich wenn ich f√ºr andere Menschen denen es nicht so gut geht was gutes tun kann. Ein sch√∂nes Gef√ºhl. Das scheint Ihnen zu fehlen,1,0,0
108,Beides ist wichtig.,0,0,0
109,"Die Reichen werden immer reicher und die Armen immer √§rmer. Der Mittelstand schrumpft und knapp 1/3 bis die H√§lfte der Bev√∂lkerung ist von Altersarmut betroffen. Die Umverteilung des Geldes ist ein Weg, der unumg√§nglich ist. Es geht nicht darum Leuten den ganzen Reichtum wegzunehmen, sondern lediglich darum Probleme zu l√∂sen und das Geld muss irgendwo herkommen. Die Reichen und Superreichen werden es √ºberleben, dass sie etwas mehr Steuern f√ºr das Gemeinwohl zahlen m√ºssen. Hier wird ja bewusst so getan, als w√§re das der Weltuntergang. Hier stellen sich viele auf die Seiten der Reichen und Superreichen. Wie kann man denn so bescheuert sein?",1,1,1
110,"Die Spanne zwischen Arm und Reich geht immer weiter auseinander und du willst mir sagen, dass die das alles hart erarbeitet haben? Durch Lohndumping, Steuervorteile bei Bankgesch√§ften, Steuerschlupfl√∂cher..... ist das erst in dem Ma√üe m√∂glich. Der Gro√üteil der Reichen Erben gehen nicht arbeiten, weil sie von dem Geerbten Leben und trotzdem wird das Geld immer mehr. Das liegt daran, dass Arbeit wesentlich h√∂her besteuert wird, als Kapitalanlagen. Beamte machen ein normalen Job, wie jeder andere auch. Deine Dramatologie in dem Bereich ist echt √ºbertrieben und es geht NICHT um Neid, sondern um die L√∂sung von Problemen.",0,1,1
111,"Die Spanne zwischen ""arm"" und ""reich"" geht immer weiter auseinander und einige glauben, dass das alles hart erarbeitet ist? Durch Lohndumping, Steuervorteile bei Bankgesch√§ften, Steuerschlupfl√∂cher..... ist das erst in dem Ma√üe m√∂glich. Der Gro√üteil der Reichen Erben gehen nicht arbeiten, weil sie von dem Geerbten Leben und trotzdem wird das Geld immer mehr. Das liegt daran, dass Arbeit wesentlich h√∂her besteuert wird, als Kapitalanlagen. Niemand will Reichtum verbieten, es geht lediglich darum, dass man Probleme l√∂sen muss und das geht nur durch eine Umverteilung. Der Weg ist unumg√§nglich.",0,1,1
112,"@USER Ich sagte der ERBEN einfach mal lesen lernen, kann nicht so schwer sein.",1,0,0
113,"@USER Das ist das Einzige was kommt. Neid? Darum geht es nicht, das ist nicht mal ein Argument. Hier in unserem Land gibt es knapp 1/3 der Leute, die sp√§ter in Altersarmut rutschen. Wir m√ºssen es hinbekommen, dass JEDER im Alter ein Leben in W√ºrde leben kann.",0,0,1
114,@USER Nur ist der Steuersatz ganz anders. 25% sind weniger als knapp 40%. Das Steuersystem ist ungerecht.,0,1,1
115,"@USER Es geht darum, dass die Leute, die das Geld anlegen und dadurch Geld machen 25% Steuern zahlen und ich knappe 40%. Warum sollte Arbeit h√∂her besteuert sein?",0,0,1
